,name,handedness,height,weight,avg,HR,Hand
324,Adolfo Phillips,R,73,175,0.247,59,Right
180,Al Bumbry,L,68,170,0.281,54,Left
356,Al Cowens,R,73,197,0.27,108,Right
181,Al Downing,R,71,175,0.127,2,Right
1012,Al Ferrara,R,73,200,0.259,51,Right
457,Al Gallagher,R,72,180,0.263,11,Right
1143,Al Jones,R,76,210,0.0,0,Right
1015,Al Lachowicz,R,75,198,0.0,0,Right
966,Al Luplow,L,70,175,0.235,33,Left
357,Al Oliver,L,72,195,0.303,219,Left
820,Al Weis,B,72,160,0.219,7,Both
615,Al Woods,L,75,190,0.271,35,Left
981,Alan Ashby,B,74,185,0.245,90,Both
1120,Alan Bannister,R,71,170,0.27,19,Right
494,Alan Knicely,R,72,190,0.213,12,Right
886,Alan Wiggins,B,74,160,0.259,5,Both
1054,Alan Wirth,R,76,190,0.0,0,Right
513,Albert Hall,B,71,155,0.251,5,Both
106,Albert Williams,R,76,190,0.0,0,Right
724,Alex Johnson,R,72,205,0.288,78,Right
944,Alex Sanchez,R,74,185,0.0,0,Right
572,Alex Trevino,R,70,165,0.249,23,Right
603,Alfredo Martinez,R,75,185,0.0,0,Right
202,Allan Ramirez,R,70,180,0.0,0,Right
397,Amos Otis,R,71,165,0.277,193,Right
749,Andre Robertson,R,70,155,0.251,5,Right
892,Andre Thornton,R,75,200,0.254,253,Right
883,Andres Mora,R,72,180,0.223,27,Right
257,Andres Thomas,R,73,170,0.234,42,Right
192,Andy Beene,R,75,205,0.0,0,Right
174,Andy Etchebarren,R,73,190,0.235,49,Right
477,Andy Kosco,R,75,205,0.236,73,Right
380,Andy Messersmith,R,73,200,0.17,5,Right
142,Andy Replogle,R,77,205,0.0,0,Right
241,Angel Mangual,R,70,178,0.245,22,Right
501,Angel Moreno,L,69,165,0.0,0,Left
153,Angel Salazar,R,72,180,0.212,2,Right
426,Art Howe,R,74,190,0.26,43,Right
1067,Art Shamsky,L,73,168,0.253,68,Left
254,Aurelio Rodriguez,R,70,180,0.237,124,Right
484,Bake McBride,L,74,190,0.299,63,Left
514,Barbaro Garbey,R,70,170,0.267,11,Right
651,Barry Bonnell,R,75,190,0.272,56,Right
111,Barry Cort,R,77,210,0.0,0,Right
455,Barry Evans,R,73,180,0.251,2,Right
884,Barry Foote,R,75,205,0.23,57,Right
160,Barry Raziano,B,70,175,0.0,0,Both
128,Ben Callahan,R,79,230,0.0,0,Right
635,Ben Oglivie,L,74,160,0.273,235,Left
144,Benny Ayala,R,73,185,0.251,38,Right
389,Bernie Allen,L,72,175,0.239,73,Left
470,Bernie Carbo,L,71,173,0.264,96,Left
403,Bert Bradley,B,73,190,0.0,0,Both
1001,Bert Campaneris,R,70,160,0.259,79,Right
744,Biff Pocoroba,B,70,175,0.257,21,Both
1104,Bill Almon,R,75,180,0.254,36,Right
518,Bill Buckner,L,72,185,0.289,174,Left
894,Bill Castro,R,71,170,0.0,0,Right
387,Bill Fahey,L,72,200,0.241,7,Left
1080,Bill Freehan,R,75,203,0.262,200,Right
595,Bill Fulton,R,75,195,0.0,0,Right
792,Bill Madlock,R,71,180,0.305,163,Right
512,Bill Melton,R,74,200,0.253,160,Right
620,Bill Mooneyham,R,72,175,0.0,0,Right
332,Bill Moran,R,76,210,0.0,0,Right
791,Bill Nahorodny,R,74,200,0.241,25,Right
810,Bill Paschall,R,72,175,0.0,0,Right
1132,Bill Plummer,R,73,190,0.188,14,Right
265,Bill Robinson,R,74,189,0.258,166,Right
1073,Bill Russell,R,72,175,0.263,46,Right
914,Bill Sample,R,69,175,0.272,46,Right
956,Bill Schroeder,R,74,200,0.24,61,Right
1119,Bill Sharp,L,70,178,0.255,9,Left
654,Bill Stein,R,70,170,0.267,44,Right
666,Bill Sudakis,B,73,190,0.234,59,Both
721,Bill Voss,L,74,160,0.227,19,Left
115,Bill Wilkinson,R,70,160,0.0,0,Right
289,Billy Bryan,L,76,200,0.216,41,Left
197,Billy Conigliaro,R,72,180,0.256,40,Right
200,Billy Cowan,R,72,170,0.236,40,Right
845,Billy Grabarkewitz,R,70,165,0.236,28,Right
440,Billy North,B,71,185,0.261,20,Both
201,Billy Smith,B,74,185,0.23,17,Both
60,Bo Diaz,R,71,185,0.255,87,Right
423,Bob Babcock,R,77,210,0.0,0,Right
783,Bob Bailey,R,73,180,0.257,189,Right
874,Bob Bailor,R,71,170,0.264,9,Right
1009,Bob Barton,R,72,175,0.226,9,Right
793,Bob Boone,R,74,195,0.254,105,Right
982,Bob Brenly,R,74,210,0.247,91,Right
976,Bob Brower,R,71,185,0.242,17,Right
1113,Bob Burda,L,71,174,0.224,13,Left
912,Bob Chance,L,74,196,0.261,24,Left
1116,Bob Coluccio,R,71,183,0.22,26,Right
833,Bob Davidson,R,72,185,0.0,0,Right
282,Bob Davis,R,72,180,0.197,6,Right
511,Bob Dernier,R,72,160,0.255,23,Right
182,Bob Didier,B,72,190,0.229,0,Both
65,Bob Fallon,L,75,200,0.0,0,Left
474,Bob Ferris,R,78,225,0.0,0,Right
953,Bob Forsch,R,76,200,0.213,12,Right
910,Bob Galasso,L,73,205,0.0,0,Left
853,Bob Heise,R,72,175,0.247,1,Right
563,Bob Horner,R,73,195,0.277,218,Right
637,Bob Johnson,R,70,175,0.272,44,Right
601,Bob Jones,L,74,195,0.221,20,Left
351,Bob Kammeyer,R,76,210,0.0,0,Right
449,Bob Kearney,R,72,190,0.233,27,Right
416,Bob Knepper,L,75,195,0.137,6,Left
764,Bob Meacham,B,73,175,0.236,8,Both
490,Bob Molinaro,L,72,190,0.264,14,Left
346,Bob Montgomery,R,73,195,0.258,23,Right
893,Bob Oliver,R,75,205,0.256,94,Right
362,Bob Randall,R,74,175,0.257,1,Right
899,Bob Robertson,R,73,195,0.242,115,Right
589,Bob Stinson,B,71,180,0.25,33,Both
271,Bob Tillman,R,76,205,0.232,79,Right
686,Bob Uecker,R,73,190,0.2,14,Right
584,Bob Veale,B,78,212,0.114,0,Both
468,Bob Veselic,R,72,175,0.0,0,Right
1121,Bob Watson,R,72,201,0.295,184,Right
1026,Bobby Bonds,R,73,190,0.268,332,Right
340,Bobby Brown,B,74,190,0.245,26,Both
557,Bobby Clark,R,72,190,0.239,19,Right
26,Bobby Cox,R,71,180,0.225,9,Right
133,Bobby Cuellar,R,71,188,0.0,0,Right
870,Bobby Darwin,R,74,190,0.251,83,Right
692,Bobby Grich,R,74,180,0.266,224,Right
432,Bobby Klaus,R,70,170,0.208,6,Right
339,Bobby Knoop,R,73,170,0.236,56,Right
454,Bobby Mitchell,R,75,185,0.235,21,Right
453,Bobby Mitchell,L,70,170,0.243,3,Left
787,Bobby Murcer,L,71,160,0.277,252,Left
628,Bobby Tolan,L,71,170,0.265,86,Left
1002,Bobby Valentine,R,70,189,0.26,12,Right
1123,Bobby Wine,R,73,187,0.215,30,Right
443,Bombo Rivera,R,70,187,0.265,10,Right
866,Boog Powell,L,76,230,0.266,339,Left
569,Boots Day,L,69,160,0.256,8,Left
27,Brad Wellman,R,72,170,0.231,6,Right
640,Brant Alyea,R,75,215,0.247,38,Right
207,Brian Allard,R,73,175,0.0,0,Right
1138,Brian Asselstine,L,73,175,0.254,12,Left
62,Brian Denman,R,76,205,0.0,0,Right
212,Brian Dubois,L,70,165,0.0,0,Left
570,Brian Giles,R,73,165,0.228,10,Right
836,Brian Snyder,L,75,185,0.0,0,Left
22,Britt Burns,L,77,215,0.0,0,Left
695,Brock Davis,L,70,160,0.26,1,Left
945,Broderick Perkins,L,70,180,0.271,8,Left
936,Bruce Benedict,R,73,175,0.242,18,Right
469,Bruce Bochte,L,75,195,0.282,100,Left
390,Bruce Bochy,R,75,205,0.239,26,Right
98,Bruce Boisclair,L,74,185,0.263,10,Left
952,Bruce Ellingsen,L,72,180,0.0,0,Left
873,Bruce Miller,R,73,185,0.246,1,Right
193,Bruce Robbins,L,73,190,0.0,0,Left
147,Bruce Tanner,L,75,220,0.0,0,Left
897,Bruce Taylor,R,72,178,0.0,0,Right
79,Bryan Clutterbuck,R,76,223,0.0,0,Right
1079,Bryan Kelly,R,74,195,0.0,0,Right
777,Bryan Little,B,70,160,0.245,3,Both
95,Bryan Oelkers,L,75,192,0.0,0,Left
1075,Bubba Morton,R,70,175,0.267,14,Right
17,Buck Martinez,R,70,190,0.225,58,Right
1133,Buck Rodgers,B,74,190,0.232,31,Both
191,Bucky Dent,R,69,170,0.247,40,Right
52,Bud Anderson,R,75,210,0.0,0,Right
415,Bud Harrelson,B,71,160,0.236,7,Both
614,Buddy Bell,R,73,180,0.279,201,Right
684,Buddy Biancalana,B,71,160,0.205,6,Both
701,Buddy Bradford,R,71,170,0.226,52,Right
61,Bump Wills,B,69,172,0.266,36,Both
472,Burt Hooton,R,73,210,0.123,4,Right
309,Butch Edge,R,75,203,0.0,0,Right
879,Butch Hobson,R,73,193,0.248,98,Right
1071,Butch Wynegar,B,73,190,0.255,65,Both
80,Byron Browne,R,74,190,0.236,30,Right
812,Byron McLaughlin,R,73,175,0.0,0,Right
784,Cap Peterson,R,74,195,0.23,19,Right
728,Cardell Camper,R,75,208,0.0,0,Right
545,Carl Morton,R,72,200,0.156,7,Right
800,Carl Taylor,R,74,200,0.266,10,Right
766,Carl Warwick,R,70,170,0.248,31,Right
422,Carl Yastrzemski,L,71,175,0.285,452,Left
958,Carlos May,L,71,200,0.274,90,Left
839,Carlos Velazquez,R,71,180,0.0,0,Right
365,Carmen Fanzone,R,72,200,0.224,20,Right
989,Catfish Hunter,R,72,190,0.226,6,Right
1103,Cecil Cooper,L,74,165,0.298,241,Left
832,Cesar Cedeno,R,74,175,0.285,199,Right
288,Cesar Geronimo,L,72,165,0.258,51,Left
334,Cesar Gutierrez,R,69,155,0.235,0,Right
72,Cesar Tovar,R,69,155,0.278,46,Right
999,Champ Summers,L,74,205,0.255,54,Left
682,Charley Smith,R,73,170,0.239,69,Right
562,Charlie James,R,73,195,0.255,29,Right
809,Charlie Mitchell,R,75,170,0.0,0,Right
933,Charlie Moore,R,71,180,0.261,36,Right
211,Charlie Spikes,R,75,215,0.246,65,Right
753,Chet Lemon,R,72,190,0.273,215,Right
726,Chico Escarrega,R,71,185,0.0,0,Right
1126,Chico Ruiz,B,72,169,0.24,2,Both
172,Chico Salmon,R,70,160,0.249,31,Right
517,Chris Bando,B,72,195,0.227,27,Both
215,Chris Batton,R,76,195,0.0,0,Right
179,Chris Brown,R,72,185,0.269,38,Right
372,Chris Cannizzaro,R,72,190,0.235,18,Right
67,Chris Chambliss,L,73,195,0.279,185,Left
505,Chris Knapp,R,77,195,0.0,0,Right
1046,Chris Speier,R,73,175,0.246,112,Right
581,Chuck Harrison,R,70,185,0.238,17,Right
188,Chuck Hiller,L,71,170,0.243,20,Left
234,Chuck Hinton,R,73,180,0.264,113,Right
473,Chuck Hockenbery,B,73,195,0.0,0,Both
1000,Chuck Porter,R,75,187,0.0,0,Right
204,Chuck Schilling,R,70,160,0.239,23,Right
155,Cito Gaston,R,75,190,0.256,91,Right
392,Claudell Washington,L,72,190,0.278,164,Left
1147,Clay Christiansen,R,77,205,0.0,0,Right
957,Clay Dalrymple,L,72,190,0.233,55,Left
756,Cleon Jones,R,72,185,0.281,93,Right
559,Cliff Johnson,R,76,215,0.258,196,Right
555,Clint Hurdle,L,75,195,0.259,32,Left
671,Clint Zavaras,R,73,175,0.0,0,Right
335,Coco Laboy,R,70,165,0.233,28,Right
986,Colby Ward,R,74,185,0.0,0,Right
156,Cookie Rojas,R,70,160,0.263,54,Right
739,Craig Chamberlain,R,73,190,0.0,0,Right
424,Craig Eaton,R,71,175,0.0,0,Right
917,Craig Kusick,R,75,210,0.235,46,Right
599,Craig Mitchell,R,75,180,0.0,0,Right
354,Craig Reynolds,L,73,175,0.256,42,Left
270,Craig Robinson,R,70,165,0.219,0,Right
697,Curt Blefary,L,74,195,0.237,112,Left
1110,Curt Ford,L,70,150,0.245,7,Left
905,Curt Kaufman,R,74,175,0.0,0,Right
760,Curt Motton,R,68,164,0.213,25,Right
272,Curt Wardle,L,77,220,0.0,0,Left
70,Dal Maxvill,R,71,157,0.217,6,Right
762,Dale Berra,R,72,180,0.236,49,Right
550,Dalton Jones,L,73,180,0.235,41,Left
862,Damaso Garcia,R,73,165,0.283,36,Right
400,Dan Briggs,L,72,180,0.195,12,Left
872,Dan Driessen,L,71,187,0.267,153,Left
159,Dan Ford,R,73,185,0.27,121,Right
708,Dan Meyer,L,71,180,0.253,86,Left
1044,Dan Morogiello,L,73,200,0.0,0,Left
607,Dane Iorg,L,72,180,0.276,14,Left
323,Danny Ainge,R,76,175,0.22,2,Right
955,Danny Cater,R,72,170,0.276,66,Right
171,Danny Fife,R,75,175,0.0,0,Right
414,Danny Goodwin,L,73,195,0.236,13,Left
385,Danny Thompson,R,72,183,0.248,15,Right
25,Danny Walton,R,72,195,0.223,28,Right
1077,Darrel Chaney,B,74,188,0.217,14,Both
1028,Darrell Brown,B,72,184,0.274,1,Both
16,Darrell Evans,L,74,200,0.248,414,Left
538,Darrell Porter,L,72,193,0.247,188,Left
161,Darryl Motley,R,69,196,0.243,44,Right
1010,Daryl Sconiers,L,74,185,0.265,15,Left
698,Daryl Smith,R,76,185,0.0,0,Right
818,Dave Campbell,R,73,180,0.213,20,Right
190,Dave Cash,R,71,170,0.283,21,Right
382,Dave Chalk,R,70,175,0.252,15,Right
119,Dave Collins,B,71,175,0.272,32,Both
176,Dave Concepcion,R,74,155,0.267,101,Right
465,Dave Duncan,R,74,190,0.214,109,Right
731,Dave Edwards,R,72,170,0.237,14,Right
297,Dave Engle,R,75,210,0.262,31,Right
158,Dave Ford,R,76,190,0.0,0,Right
789,Dave Frost,R,78,235,0.0,0,Right
358,Dave Hilton,R,71,191,0.213,6,Right
600,Dave Hostetler,R,76,215,0.229,37,Right
1127,Dave Johnson,R,73,183,0.0,0,Right
45,Dave Kingman,R,78,210,0.236,442,Right
1142,Dave Lemanczyk,R,76,235,0.0,0,Right
592,Dave Marshall,L,73,182,0.246,16,Left
843,Dave May,L,70,186,0.251,96,Left
140,Dave McKay,B,73,195,0.229,21,Both
1027,Dave McNally,R,71,185,0.133,9,Right
775,Dave Nelson,R,70,160,0.244,20,Right
1016,Dave Nicholson,R,74,215,0.212,61,Right
1117,Dave Rader,L,71,165,0.257,30,Left
718,Dave Rajsich,L,77,175,0.0,0,Left
1109,Dave Revering,L,76,210,0.265,62,Left
206,Dave Roberts,R,75,215,0.239,49,Right
245,Dave Roberts,L,75,195,0.194,7,Left
727,Dave Rosello,R,71,160,0.236,10,Right
41,Dave Skaggs,R,74,200,0.241,3,Right
699,Dave Smith,R,73,190,0.0,0,Right
704,Dave Stapleton,R,73,178,0.271,41,Right
703,Dave Stapleton,L,73,185,0.0,0,Left
962,Davey Johnson,R,73,170,0.261,136,Right
988,Davey Lopes,R,69,170,0.263,155,Right
940,David Green,R,75,170,0.268,31,Right
685,De Wayne Buice,R,72,170,0.0,0,Right
908,De Wayne Vaughn,R,71,180,0.0,0,Right
604,Dean Chance,R,75,200,0.066,0,Right
975,Del Unser,L,73,180,0.258,87,Left
1030,Denis Menke,R,72,185,0.25,101,Right
799,Dennis Burtt,R,72,180,0.0,0,Right
871,Dennis DeBarr,L,74,190,0.0,0,Left
3,Denny Doyle,L,69,175,0.25,16,Left
1,Denny Lemaster,R,73,182,0.13,4,Right
187,Denny McLain,R,73,185,0.133,1,Right
622,Deron Johnson,R,74,200,0.244,245,Right
425,Derrel Thomas,B,72,160,0.249,43,Both
523,Dewey Robinson,R,72,180,0.0,0,Right
968,Dick Allen,R,71,187,0.292,351,Right
7,Dick Bertell,R,72,200,0.25,10,Right
467,Dick Billings,R,73,195,0.227,16,Right
485,Dick Davis,R,75,190,0.265,27,Right
451,Dick Dietz,R,73,195,0.261,66,Right
606,Dick Green,R,70,180,0.24,80,Right
129,Dick Howser,R,68,155,0.248,16,Right
327,Dick McAuliffe,L,71,176,0.247,197,Left
1078,Dick Nen,L,74,200,0.224,21,Left
256,Dick Phillips,L,72,180,0.229,12,Left
42,Dick Ruthven,R,75,190,0.183,1,Right
123,Dick Simpson,R,76,176,0.207,15,Right
788,Dick Tracewski,R,71,160,0.213,8,Right
610,Doc Edwards,R,74,215,0.238,15,Right
668,Domingo Ramos,R,70,154,0.24,8,Right
383,Don Baylor,R,73,190,0.26,338,Right
638,Don Buford,B,67,160,0.264,93,Both
1099,Don Cooper,R,73,185,0.0,0,Right
864,Don Gordon,R,73,175,0.0,0,Right
850,Don Hahn,R,73,180,0.236,7,Right
863,Don Kainer,R,75,205,0.0,0,Right
482,Don Kessinger,B,73,170,0.252,14,Both
805,Don Leppert,R,74,220,0.229,15,Right
199,Don Lock,R,74,195,0.238,122,Right
264,Don Mason,L,71,160,0.205,3,Left
576,Don Mincher,L,75,205,0.249,200,Left
1050,Don Money,R,73,170,0.261,176,Right
1092,Don Sutton,R,73,185,0.144,0,Right
508,Don Welchel,R,76,205,0.0,0,Right
624,Don Wert,R,70,162,0.242,77,Right
824,Don Wilson,R,74,195,0.146,1,Right
561,Donn Clendenon,R,76,209,0.274,159,Right
969,Doug Ault,R,75,200,0.236,17,Right
388,Doug Camilli,R,71,195,0.199,18,Right
679,Doug Clemens,L,72,180,0.229,12,Left
841,Doug DeCinces,R,74,190,0.259,237,Right
402,Doug Flynn,R,71,165,0.238,7,Right
1129,Doug Frobel,L,76,196,0.201,20,Left
736,Doug Griffin,R,72,160,0.245,7,Right
927,Doug Rader,R,74,208,0.251,155,Right
276,Duane Josephson,R,72,190,0.258,23,Right
639,Duane Kuiper,L,72,175,0.271,1,Left
277,Duane Walker,L,72,185,0.229,24,Left
216,Duffy Dyer,R,72,187,0.221,30,Right
408,Duke Sims,L,74,197,0.239,100,Left
586,Dusty Baker,R,74,183,0.278,242,Right
1088,Dwayne Murphy,L,73,185,0.246,166,Left
847,Earl Williams,R,75,215,0.247,138,Right
48,Ed Brinkman,R,72,170,0.224,60,Right
1140,Ed Charles,R,70,170,0.263,86,Right
258,Ed Crosby,L,74,175,0.22,0,Left
317,Ed Goodson,L,75,180,0.26,30,Left
487,Ed Herrmann,L,73,195,0.24,80,Left
895,Ed Hodge,L,74,192,0.0,0,Left
1059,Ed Kirkpatrick,L,71,195,0.238,85,Left
185,Ed Kranepool,L,75,205,0.261,118,Left
885,Ed Ott,L,70,190,0.259,33,Left
1101,Ed Romero,R,71,160,0.247,8,Right
120,Ed Spiezio,R,71,180,0.238,39,Right
1006,Ed Stroud,L,71,180,0.237,14,Left
717,Eddie Leon,R,72,170,0.236,24,Right
151,Eddie Milner,L,71,173,0.253,42,Left
90,Elio Chacon,R,69,160,0.232,4,Right
1061,Ellie Hendricks,L,73,175,0.22,62,Left
1076,Ellie Rodriguez,R,71,185,0.245,16,Right
86,Elliott Maddox,R,71,180,0.261,18,Right
963,Ellis Valentine,R,76,205,0.278,123,Right
438,Enos Cabell,R,76,170,0.277,60,Right
333,Enzo Hernandez,R,68,155,0.224,2,Right
1137,Eric Hetzel,R,75,175,0.0,0,Right
46,Eric Soderholm,R,71,187,0.264,102,Right
21,Eric Wilkins,R,73,190,0.0,0,Right
574,Felix Millan,R,71,172,0.279,22,Right
687,Felix Torres,R,71,165,0.254,27,Right
450,Fergie Jenkins,R,77,205,0.165,13,Right
209,Fernando Arroyo,R,74,180,0.0,0,Right
475,Fernando Gonzalez,R,70,165,0.235,17,Right
1144,Floyd Rayford,R,70,190,0.244,38,Right
112,Floyd Robinson,L,69,175,0.283,67,Left
609,Fran Healy,R,77,220,0.25,20,Right
410,Francisco Barrios,R,71,155,0.0,0,Right
583,Frank Dimichele,R,75,205,0.0,0,Right
1151,Frank Duffy,R,73,180,0.232,26,Right
746,Frank Eufemia,R,71,185,0.0,0,Right
442,Frank Fernandez,R,72,185,0.199,39,Right
904,Frank Quilici,R,73,170,0.214,5,Right
260,Frank Taveras,R,72,155,0.255,2,Right
13,Frank Tepedino,L,71,185,0.241,6,Left
100,Frank White,R,71,165,0.255,160,Right
961,Fred Howard,R,75,190,0.0,0,Right
1035,Fred Kendall,R,73,185,0.234,31,Right
293,Fred Lynn,L,73,185,0.283,306,Left
460,Fred Norman,B,68,155,0.125,0,Both
540,Fred Stanley,R,70,165,0.216,10,Right
39,Fred Whitfield,L,73,190,0.253,108,Left
1017,Freddie Patek,R,65,148,0.242,41,Right
6,Fritz Peterson,B,72,185,0.159,2,Both
1128,Gail Hopkins,L,70,198,0.266,25,Left
184,Garry Hancock,L,72,175,0.247,12,Left
571,Garry Maddox,R,75,175,0.285,117,Right
980,Garth Iorg,R,71,170,0.258,20,Right
891,Gary Alexander,R,74,195,0.23,55,Right
366,Gary Allenson,R,71,185,0.221,19,Right
210,Gary Beare,R,76,205,0.0,0,Right
712,Gary Christenson,L,77,200,0.0,0,Left
546,Gary Gray,R,72,187,0.24,24,Right
391,Gary Ignasiak,R,71,185,0.0,0,Right
1152,Gary Lance,B,75,195,0.0,0,Both
287,Gary Matthews,R,74,185,0.281,234,Right
314,Gary Mielke,R,75,185,0.0,0,Right
37,Gary Nolan,R,74,197,0.138,1,Right
198,Gary Roenicke,R,75,205,0.247,121,Right
1115,Gary Sutherland,R,72,185,0.243,24,Right
104,Gary Thomasson,L,73,180,0.249,61,Left
705,Gary Ward,R,74,195,0.276,130,Right
479,Gary Wheelock,R,75,205,0.0,0,Right
345,Gary Woods,R,74,185,0.243,13,Right
434,Gates Brown,L,71,220,0.257,84,Left
591,Gaylord Perry,R,76,205,0.131,6,Right
398,Gene Alley,R,70,160,0.254,55,Right
32,Gene Clines,R,69,170,0.277,5,Right
59,Gene Locklear,L,70,165,0.274,9,Left
1047,Gene Michael,B,74,183,0.229,15,Both
613,Gene Richards,L,72,175,0.29,26,Left
1074,Gene Tenace,R,72,190,0.241,201,Right
239,George Foster,R,73,180,0.274,348,Right
280,George Hendrick,R,75,195,0.278,267,Right
268,George Mitterwald,R,74,195,0.236,76,Right
533,George Scott,R,74,200,0.268,271,Right
566,George Smith,R,70,170,0.205,9,Right
352,George Vukovich,L,72,198,0.268,27,Left
768,George Wright,B,71,180,0.245,42,Both
1055,Gil Garrido,R,69,150,0.237,1,Right
38,Gil Patterson,R,73,185,0.0,0,Right
889,Glen Cook,R,71,180,0.0,0,Right
670,Glenn Adams,L,73,180,0.28,34,Left
1093,Glenn Beckert,R,73,190,0.283,22,Right
429,Glenn Borgmann,R,76,210,0.229,16,Right
329,Glenn Burke,R,72,195,0.237,2,Right
920,Glenn Hoffman,R,73,175,0.242,23,Right
278,Glenn Hubbard,R,69,150,0.244,70,Right
954,Gorman Heimueller,L,76,195,0.0,0,Left
536,Gorman Thomas,R,74,210,0.225,268,Right
295,Graig Nettles,L,72,180,0.248,390,Left
577,Greg Erardi,R,73,190,0.0,0,Right
146,Greg Gross,L,70,160,0.287,7,Left
627,Greg Luzinski,R,73,220,0.276,307,Right
773,Greg Pryor,R,72,180,0.25,14,Right
219,Greg Thayer,R,71,182,0.0,0,Right
646,Greg Walker,L,75,205,0.26,113,Left
1031,Hal Breeden,R,74,200,0.243,21,Right
881,Hal King,L,73,200,0.214,24,Left
770,Hal Lanier,R,74,180,0.228,8,Right
205,Hal McRae,R,71,180,0.29,191,Right
992,Hank Allen,R,72,190,0.241,6,Right
1008,Harry Spilman,L,73,180,0.237,18,Left
459,Hector Cruz,R,71,170,0.225,39,Right
81,Hector Torres,R,72,175,0.216,18,Right
229,Horace Clarke,B,69,170,0.256,27,Both
702,Hosken Powell,L,73,175,0.259,17,Left
829,Howard Bailey,R,72,195,0.0,0,Right
428,Howie Goss,R,76,204,0.216,11,Right
528,Ike Brookens,R,77,170,0.0,0,Right
427,Ike Brown,R,72,190,0.256,20,Right
285,Israel Sanchez,L,69,170,0.0,0,Left
36,Ivan DeJesus,R,71,175,0.254,21,Right
978,Ivan Murrell,R,74,195,0.236,33,Right
720,J.R. Richard,R,80,222,0.168,10,Right
34,Jack Billingham,R,76,195,0.111,0,Right
149,Jack Brohamer,L,70,165,0.245,30,Left
376,Jack Hardy,R,74,175,0.0,0,Right
75,Jack Heidemann,R,72,175,0.211,9,Right
519,Jack Hiatt,R,74,190,0.251,22,Right
751,Jack Lazorko,R,71,200,0.0,0,Right
1058,Jack Perconte,L,70,160,0.27,2,Left
1033,Jackie Gutierrez,R,71,175,0.237,4,Right
311,Jackie Hernandez,R,71,165,0.208,12,Right
825,Jaime Cocanower,R,76,200,0.0,0,Right
183,Jake Gibbs,L,72,180,0.233,25,Left
974,Jake Wood,R,73,163,0.25,35,Right
1096,Jason Thompson,L,76,200,0.261,208,Left
167,Jay Johnstone,L,73,175,0.267,102,Left
888,Jay Pettibone,R,76,182,0.0,0,Right
20,Jeff Barkley,B,75,185,0.0,0,Both
830,Jeff Bettendorf,R,75,180,0.0,0,Right
347,Jeff Burroughs,R,73,200,0.261,240,Right
11,Jeff Byrd,R,75,195,0.0,0,Right
1135,Jeff Holly,L,77,210,0.0,0,Left
1106,Jeff Jones,R,75,210,0.0,0,Right
28,Jeff Newman,R,74,215,0.224,63,Right
532,Jeff Peterek,R,74,195,0.0,0,Right
869,Jeff Richardson,R,75,185,0.0,0,Right
650,Jeff Rineer,L,76,205,0.0,0,Left
527,Jeff Schattinger,L,77,200,0.0,0,Left
489,Jeff Schneider,B,75,195,0.0,0,Both
826,Jeff Sellers,R,73,175,0.0,0,Right
534,Jeff Shaver,R,75,195,0.0,0,Right
136,Jeff Stone,L,72,175,0.277,11,Left
817,Jeff Torborg,R,72,195,0.214,8,Right
558,Jeff Twitty,L,74,185,0.0,0,Left
69,Jeffrey Leonard,R,74,200,0.266,144,Right
1131,Jerry Augustine,L,72,183,0.0,0,Left
35,Jerry Buchek,R,71,185,0.22,22,Right
1111,Jerry Dybzinski,R,74,180,0.234,3,Right
43,Jerry Garvin,L,75,195,0.0,0,Left
1060,Jerry Grote,R,70,185,0.252,39,Right
525,Jerry Hairston,B,70,170,0.258,30,Both
1034,Jerry Kenney,L,73,170,0.237,7,Left
83,Jerry Koosman,R,74,205,0.119,2,Right
14,Jerry Kutzler,L,73,175,0.0,0,Left
653,Jerry Martin,R,73,195,0.251,85,Right
553,Jerry May,R,74,190,0.234,15,Right
662,Jerry McNertney,R,72,180,0.237,27,Right
987,Jerry Morales,R,70,155,0.259,95,Right
1025,Jerry Moses,R,75,210,0.251,25,Right
1091,Jerry Mumphrey,B,74,185,0.289,70,Both
641,Jerry Narron,L,75,205,0.211,21,Left
1149,Jerry Remy,L,69,165,0.275,7,Left
412,Jerry Reuss,L,77,200,0.167,1,Left
648,Jerry Royster,R,72,165,0.249,40,Right
1107,Jerry Terrell,R,71,165,0.253,4,Right
821,Jerry Turner,L,69,180,0.257,45,Left
57,Jerry Ujdur,R,73,195,0.0,0,Right
240,Jerry White,B,70,164,0.253,21,Both
750,Jerry Zimmerman,R,74,185,0.204,3,Right
1114,Jesse Gonder,L,70,180,0.251,26,Left
436,Jesus Alou,R,74,190,0.28,32,Right
463,Jim Anderson,R,72,170,0.218,13,Right
1148,Jim Barr,R,75,205,0.162,1,Right
1062,Jim Beauchamp,R,74,190,0.231,14,Right
807,Jim Burton,R,75,195,0.0,0,Right
903,Jim Campbell,L,71,175,0.0,0,Left
797,Jim Dorsey,R,79,190,0.0,0,Right
549,Jim Dwyer,L,70,165,0.26,77,Left
567,Jim Essian,R,74,195,0.244,33,Right
101,Jim Fairey,L,70,190,0.235,7,Left
578,Jim Farr,R,73,195,0.0,0,Right
993,Jim Fregosi,R,73,190,0.265,151,Right
244,Jim French,L,68,180,0.196,5,Left
552,Jim Gideon,R,75,190,0.0,0,Right
580,Jim Gosger,L,71,185,0.226,30,Left
33,Jim Hickman,R,75,192,0.252,159,Right
709,Jim Holt,L,72,180,0.265,19,Left
208,Jim Lefebvre,B,72,180,0.251,74,Both
1037,Jim Lewis,R,75,190,0.0,0,Right
706,Jim Lonborg,R,77,200,0.136,3,Right
55,Jim Lyttle,L,72,180,0.248,9,Left
748,Jim Maloney,L,74,190,0.201,7,Left
246,Jim Mason,L,74,185,0.203,12,Left
337,Jim Morrison,R,71,175,0.26,112,Right
370,Jim Nettles,L,72,186,0.22,16,Left
349,Jim Norris,L,70,175,0.264,7,Left
418,Jim Northrup,L,75,190,0.267,153,Left
363,Jim Pankovits,R,70,170,0.25,9,Right
573,Jim Price,R,72,192,0.214,18,Right
168,Jim Ray Hart,R,71,185,0.278,170,Right
1052,Jim Rice,R,74,200,0.298,382,Right
984,Jim Rooker,R,72,195,0.201,7,Right
51,Jim Siwy,R,76,200,0.0,0,Right
543,Jim Spencer,L,74,195,0.25,146,Left
476,Jim Sundberg,R,72,190,0.248,95,Right
774,Jim Traber,L,72,194,0.227,27,Left
266,Jim Umbarger,L,78,200,0.0,0,Left
719,Jim Wohlford,R,71,175,0.26,21,Right
713,Jim Wright,R,77,205,0.0,0,Right
714,Jim Wright,R,73,165,0.0,0,Right
693,Jimmie Hall,L,72,175,0.254,121,Left
1039,Jimmie Schaffer,R,69,170,0.223,11,Right
255,Jimmy Stewart,B,72,165,0.237,8,Both
991,Jimmy Wynn,R,70,160,0.25,291,Right
757,Joaquin Andujar,B,72,170,0.127,5,Both
618,Jody Davis,R,76,192,0.245,127,Right
85,Joe Azcue,R,72,190,0.252,50,Right
1038,Joe Charboneau,R,74,205,0.266,29,Right
1105,Joe Ferguson,R,74,200,0.24,122,Right
316,Joe Foy,R,72,215,0.248,58,Right
926,Joe Gaines,R,73,190,0.241,21,Right
483,Joe Hague,L,72,195,0.239,40,Left
328,Joe Horlen,R,72,170,0.134,0,Right
308,Joe Keough,L,72,185,0.246,9,Left
138,Joe Lahoud,L,73,198,0.223,65,Left
747,Joe Lefebvre,L,70,170,0.258,31,Left
707,Joe Lis,R,72,175,0.233,32,Right
116,Joe Lovitto,B,72,185,0.216,4,Both
672,Joe Morgan,L,67,160,0.271,268,Left
173,Joe Niekro,R,73,185,0.156,1,Right
2,Joe Nolan,L,71,175,0.263,27,Left
261,Joe Nossek,R,72,178,0.228,3,Right
353,Joe Pactwa,L,71,185,0.0,0,Left
906,Joe Pepitone,L,74,185,0.258,219,Left
1051,Joe Rudi,R,74,200,0.264,179,Right
386,Joe Simpson,L,75,175,0.242,9,Left
401,Joe Skalski,R,75,190,0.0,0,Right
612,Joe Strain,R,70,169,0.25,1,Right
1011,Joe Torre,R,74,212,0.297,252,Right
855,Joe Wallis,B,71,180,0.244,16,Both
617,Joel Davis,L,77,205,0.0,0,Left
170,Joel McKeon,L,72,185,0.0,0,Left
655,Joel Youngblood,R,72,180,0.265,80,Right
924,John Bateman,R,75,210,0.23,81,Right
694,John Boccabella,R,73,195,0.219,26,Right
811,John Bohnet,B,72,175,0.0,0,Both
56,John Butcher,R,76,185,0.0,0,Right
667,John Caneira,R,75,180,0.0,0,Right
842,John Castino,R,71,175,0.278,41,Right
623,John Denny,R,75,185,0.17,0,Right
393,John Donaldson,L,71,160,0.238,4,Left
937,John Ellis,R,74,225,0.262,69,Right
849,John Flinn,R,72,175,0.0,0,Right
419,John Hale,L,74,195,0.201,14,Left
621,John Hobbs,R,75,190,0.0,0,Right
967,John Hoover,R,74,190,0.0,0,Right
1125,John Kennedy,R,72,185,0.225,32,Right
10,John LaRose,L,73,185,0.0,0,Left
1098,John Leister,R,74,200,0.0,0,Right
481,John Lowenstein,L,72,175,0.253,116,Left
395,John Mayberry,L,75,215,0.253,255,Left
515,John Milner,L,72,185,0.249,131,Left
596,John Orsino,R,75,215,0.249,40,Right
374,John Pawlowski,R,74,175,0.0,0,Right
1108,John Poloni,L,77,210,0.0,0,Left
92,John Stearns,R,72,185,0.26,46,Right
678,John Stephenson,L,71,180,0.216,12,Left
141,John Trautwein,R,75,205,0.0,0,Right
384,John Vukovich,R,73,187,0.161,6,Right
880,John Wathan,R,74,205,0.262,21,Right
18,John Wockenfuss,R,72,190,0.262,86,Right
738,Johnnie LeMaster,R,74,165,0.222,22,Right
761,Johnny Bench,R,73,197,0.267,389,Right
598,Johnny Briggs,L,73,190,0.253,139,Left
949,Johnny Edwards,L,76,220,0.242,81,Left
759,Johnny Grubb,L,75,175,0.278,99,Left
152,Johnny Jeter,R,73,180,0.244,18,Right
122,Johnny Lewis,L,73,189,0.227,22,Left
163,Johnny Oates,L,71,188,0.25,14,Left
435,Johnny Ray,B,71,170,0.29,53,Both
189,Jorge Orta,L,70,170,0.278,130,Left
250,Jose Arcia,R,75,170,0.215,1,Right
4,Jose Cardenal,R,70,150,0.275,138,Right
565,Jose Cecena,R,71,180,0.0,0,Right
263,Jose Cruz,L,72,170,0.284,165,Left
496,Jose Morales,R,71,187,0.287,26,Right
102,Jose Roman,R,72,175,0.0,0,Right
634,Jose Tartabull,L,71,165,0.261,2,Left
441,Juan Beniquez,R,71,150,0.274,79,Right
12,Juan Bonilla,R,69,170,0.256,7,Right
499,Juan Marichal,R,72,185,0.165,4,Right
915,Juan Nieves,L,75,175,0.0,0,Left
88,Julian Javier,R,73,175,0.257,78,Right
913,Julio Cruz,B,69,165,0.237,23,Both
431,Julio Gonzalez,R,71,162,0.235,4,Right
890,Julio Gotay,R,72,180,0.26,6,Right
1040,Junior Kennedy,R,71,175,0.248,4,Right
177,Junior Moore,R,71,185,0.264,7,Right
629,Karl Best,R,76,190,0.0,0,Right
227,Keith Creel,R,74,180,0.0,0,Right
602,Keith Hernandez,L,72,180,0.296,162,Left
823,Keith Macwhorter,R,76,190,0.0,0,Right
722,Keith Moreland,R,72,190,0.279,121,Right
175,Ken Berry,R,72,175,0.255,58,Right
124,Ken Boswell,L,72,170,0.248,31,Left
242,Ken Gerhart,R,72,190,0.221,24,Right
1122,Ken Harrelson,R,74,190,0.239,131,Right
217,Ken Henderson,B,74,180,0.257,122,Both
404,Ken Holtzman,R,74,175,0.163,2,Right
1018,Ken Hubbs,R,74,175,0.247,14,Right
437,Ken Landreaux,L,70,165,0.268,91,Left
125,Ken McMullen,R,75,190,0.248,156,Right
831,Ken Phelps,L,73,209,0.239,123,Left
396,Ken Reitz,R,72,180,0.26,68,Right
643,Ken Retzer,L,72,185,0.264,14,Left
742,Ken Rudolph,R,73,180,0.213,6,Right
99,Ken Singleton,B,76,210,0.282,246,Both
778,Ken Suarez,R,69,175,0.227,5,Right
535,Ken Walters,R,73,180,0.231,11,Right
96,Kevin Bearse,L,74,195,0.0,0,Left
406,Kevin Bell,R,72,195,0.222,13,Right
47,Kevin Mmahat,L,77,220,0.0,0,Left
54,Kevin Stanfield,L,72,190,0.0,0,Left
664,Kiko Garcia,R,71,180,0.239,12,Right
64,Kurt Bevacqua,R,72,180,0.236,27,Right
371,Lafayette Currence,B,71,175,0.0,0,Both
430,Lamar Johnson,R,74,215,0.287,64,Right
597,Larry Anderson,R,75,190,0.0,0,Right
373,Larry Biittner,L,74,205,0.273,29,Left
541,Larry Bowa,B,70,155,0.26,15,Both
93,Larry Brown,R,70,160,0.233,47,Right
231,Larry Cox,R,70,178,0.221,12,Right
40,Larry Dierker,R,76,215,0.136,4,Right
196,Larry Haney,R,74,195,0.215,12,Right
1089,Larry Harlow,L,74,185,0.248,12,Left
711,Larry Herndon,R,75,190,0.274,107,Right
294,Larry Hisle,R,74,193,0.273,166,Right
521,Larry Lintz,B,69,150,0.227,0,Both
665,Larry Milbourne,B,72,161,0.254,11,Both
900,Larry Monroe,R,76,200,0.0,0,Right
360,Larry Parrish,R,75,190,0.263,256,Right
1155,Larry Pashnick,R,75,205,0.0,0,Right
1150,Larry Rothschild,L,74,180,0.0,0,Left
262,Larry Stahl,L,72,175,0.232,36,Left
409,Larvell Blanks,R,68,167,0.253,20,Right
23,Lee Lacy,R,73,175,0.286,91,Right
813,Lee May,R,75,195,0.267,354,Right
979,Lee Mazzilli,B,73,180,0.259,93,Both
675,Lee Thomas,L,74,195,0.255,106,Left
948,Len Gabrielson,L,76,210,0.253,37,Left
745,Len Matuszek,L,74,190,0.234,30,Left
772,Len Randle,B,70,169,0.257,27,Both
322,Len Whitehouse,L,71,175,0.0,0,Left
464,Lenn Sakata,R,69,160,0.23,25,Right
480,Lenny Faedo,R,72,170,0.251,5,Right
1066,Leo Cardenas,R,71,150,0.257,118,Right
251,Leon Durham,L,73,185,0.277,147,Left
195,Leon Hooten,R,71,180,0.0,0,Right
946,Leon Roberts,R,75,200,0.267,78,Right
1020,Leron Lee,L,72,196,0.25,31,Left
320,Leroy Stanton,R,73,195,0.244,77,Right
859,Les Straker,R,73,193,0.0,0,Right
114,Lou Brock,L,71,170,0.293,149,Left
230,Lou Clinton,R,73,185,0.247,65,Right
642,Lou Johnson,R,71,170,0.258,48,Right
878,Lou Piniella,R,72,182,0.291,102,Right
769,Luis Aguayo,R,69,173,0.236,37,Right
359,Luis Alvarado,R,69,162,0.214,5,Right
680,Luis Aponte,R,72,185,0.0,0,Right
497,Luis Encarnacion,R,70,178,0.0,0,Right
1141,Luis Gomez,R,69,150,0.21,0,Right
1130,Luis Melendez,R,72,165,0.248,9,Right
925,Luis Pujols,R,74,175,0.193,6,Right
814,Luis Quintana,L,74,175,0.0,0,Left
636,Luis Sanchez,R,74,170,0.0,0,Right
943,Luis Tiant,R,72,180,0.164,5,Right
861,Lyman Bostock,L,73,180,0.311,23,Left
776,Lynn Jones,R,69,175,0.252,7,Right
700,Mack Jones,L,73,180,0.252,133,Left
130,Manny Castillo,B,69,160,0.242,3,Both
214,Manny Jimenez,L,73,185,0.272,26,Left
835,Manny Mota,R,70,160,0.304,31,Right
433,Manny Sanguillen,R,72,193,0.296,65,Right
1032,Manny Trillo,R,73,150,0.263,61,Right
169,Marc Hill,R,75,205,0.223,34,Right
732,Mario Guerrero,R,70,155,0.257,7,Right
292,Mario Mendoza,R,71,170,0.215,4,Right
990,Mario Soto,R,72,174,0.132,1,Right
306,Mark Belanger,R,73,170,0.228,20,Right
1043,Mark Brouhard,R,73,210,0.259,25,Right
318,Mark Brown,B,74,190,0.0,0,Both
798,Mark Ciardi,R,72,180,0.0,0,Right
765,Mark Clear,R,76,200,0.0,0,Right
696,Mark Esser,R,73,190,0.0,0,Right
658,Mark Mercer,L,77,220,0.0,0,Left
300,Mark Smith,R,74,215,0.0,0,Right
790,Mark Souza,L,72,180,0.0,0,Left
970,Mark Wagner,R,72,165,0.243,3,Right
97,Marty Martinez,B,72,170,0.243,0,Both
1056,Marty Perez,R,71,160,0.246,22,Right
325,Marv Breeding,R,72,175,0.25,7,Right
585,Marvell Wynne,L,71,175,0.247,40,Left
806,Matt Williams,R,73,200,0.0,0,Right
547,Matty Alou,L,69,160,0.307,31,Left
856,Max Alvis,R,71,185,0.247,111,Right
939,Mel Stottlemyre,R,72,190,0.0,0,Right
375,Mel Stottlemyre,R,73,178,0.16,7,Right
860,Merritt Ranew,L,71,170,0.247,8,Left
78,Merv Rettenmund,R,70,190,0.271,66,Right
1085,Mick Kelleher,R,69,176,0.213,0,Right
456,Mickey Brantley,R,70,180,0.259,32,Right
593,Mickey Hatcher,R,74,200,0.28,38,Right
319,Mickey Klutts,R,71,170,0.241,14,Right
73,Mickey Lolich,B,73,170,0.11,0,Both
417,Mickey Rivers,L,70,165,0.295,61,Left
928,Mickey Stanley,R,73,185,0.248,117,Right
626,Miguel Dilone,B,72,160,0.265,6,Both
1036,Mike Anderson,R,74,200,0.246,28,Right
556,Mike Andrews,R,75,195,0.258,66,Right
916,Mike Bacsik,R,74,180,0.0,0,Right
644,Mike Brown,R,74,195,0.265,23,Right
645,Mike Brown,R,74,195,0.0,0,Right
965,Mike Brumley,L,70,195,0.229,5,Left
223,Mike Champion,R,72,185,0.229,2,Right
858,Mike Cubbage,L,72,180,0.258,34,Left
269,Mike Darr,R,76,190,0.0,0,Right
411,Mike Davis,L,74,175,0.259,91,Left
492,Mike Diaz,R,74,195,0.247,31,Right
299,Mike Easler,L,72,190,0.293,118,Left
619,Mike Edwards,R,70,154,0.25,2,Right
1090,Mike Epstein,L,75,230,0.244,130,Left
625,Mike Fiore,L,72,175,0.227,13,Left
1049,Mike Fischlin,R,73,165,0.22,3,Right
802,Mike Hargrove,L,72,195,0.29,80,Left
491,Mike Hegan,L,73,188,0.242,53,Left
243,Mike Hershberger,R,70,175,0.252,26,Right
582,Mike Ivie,R,75,205,0.269,81,Right
135,Mike Jones,L,78,215,0.0,0,Left
1100,Mike Jorgensen,L,72,195,0.243,95,Left
716,Mike Kinnunen,L,73,185,0.0,0,Left
882,Mike Krukow,R,77,205,0.193,5,Right
117,Mike Loynd,R,76,210,0.0,0,Right
758,Mike Lum,L,72,180,0.247,90,Left
734,Mike Overy,R,74,190,0.0,0,Right
674,Mike Parrott,R,76,210,0.0,0,Right
752,Mike Paxton,R,71,190,0.0,0,Right
771,Mike Pazik,L,74,195,0.0,0,Left
165,Mike Phillips,L,72,170,0.24,11,Left
131,Mike Ramsey,B,73,170,0.24,2,Both
178,Mike Richardt,R,72,170,0.226,4,Right
488,Mike Rochford,L,76,205,0.0,0,Left
5,Mike Ryan,R,74,205,0.193,28,Right
305,Mike Sadek,R,69,165,0.226,5,Right
995,Mike Schmidt,R,74,195,0.267,548,Right
1095,Mike Shannon,R,75,195,0.255,68,Right
247,Mike Smith,R,75,180,0.0,0,Right
394,Mike Smithson,L,80,215,0.0,0,Left
998,Mike Squires,L,71,185,0.26,6,Left
105,Mike Trujillo,R,73,180,0.0,0,Right
274,Mike Tyson,R,69,170,0.241,27,Right
368,Mike Vail,R,73,180,0.279,34,Right
971,Mike Walters,R,77,203,0.0,0,Right
590,Mike Warren,R,73,175,0.0,0,Right
1112,Mike Willis,L,74,205,0.0,0,Left
1045,Mike Young,B,74,195,0.247,72,Both
259,Mike de la Hoz,R,71,175,0.251,25,Right
367,Milt May,L,72,190,0.263,77,Left
663,Mitchell Page,L,74,205,0.266,72,Left
298,Narciso Elvira,L,70,160,0.0,0,Left
30,Nardi Contreras,B,74,193,0.0,0,Both
232,Nate Colbert,R,74,190,0.243,173,Right
740,Nate Oliver,R,70,160,0.226,2,Right
588,Ned Yost,R,73,190,0.212,16,Right
520,Nelson Mathews,R,76,195,0.223,22,Right
369,Nick Esasky,R,75,200,0.25,122,Right
909,Norm Miller,L,70,185,0.238,24,Left
902,Ollie Brown,R,74,178,0.265,102,Right
87,Omar Moreno,L,74,180,0.252,37,Left
568,Onix Concepcion,R,66,160,0.239,3,Right
681,Orlando Mercado,R,72,180,0.199,7,Right
350,Oscar Gamble,L,71,160,0.265,200,Left
107,Oswaldo Peraza,R,76,172,0.0,0,Right
108,Otto Velez,R,72,170,0.251,78,Right
9,Ozzie Osborn,R,74,195,0.0,0,Right
162,Ozzie Virgil,R,73,180,0.243,98,Right
273,Pat Corrales,R,72,180,0.216,4,Right
819,Pat Kelly,L,73,185,0.264,76,Left
63,Pat Putnam,L,72,205,0.255,63,Left
164,Pat Underwood,L,72,175,0.0,0,Left
355,Paul Blair,R,72,168,0.25,134,Right
683,Paul Boris,R,74,200,0.0,0,Right
225,Paul Casanova,R,76,180,0.225,50,Right
537,Paul Dade,R,73,185,0.27,10,Right
221,Paul Hartzell,R,77,200,0.0,0,Right
253,Paul Householder,B,72,180,0.236,29,Both
301,Paul Mitchell,R,73,195,0.0,0,Right
677,Paul Popovich,B,72,175,0.233,14,Both
729,Paul Schaal,R,71,165,0.244,57,Right
950,Paul Wilmet,R,71,170,0.0,0,Right
421,Pedro Garcia,R,70,175,0.22,37,Right
29,Pedro Gonzalez,R,72,176,0.244,8,Right
994,Pepe Frias,R,70,159,0.24,1,Right
1019,Pepe Mangual,R,70,157,0.242,16,Right
548,Pete Filson,B,74,195,0.0,0,Both
544,Pete LaCock,L,74,200,0.257,27,Left
1083,Pete Mackanin,R,74,190,0.226,30,Right
24,Pete Rose,B,71,192,0.303,160,Both
405,Pete Ward,L,73,185,0.254,98,Left
931,Phil Bradley,R,72,185,0.286,78,Right
661,Phil Gagliano,R,73,180,0.238,14,Right
1154,Phil Garner,R,70,175,0.26,109,Right
922,Phil Huffman,R,74,180,0.0,0,Right
834,Phil Linz,R,73,180,0.235,11,Right
755,Phil Mankowski,L,72,180,0.264,8,Left
1134,Phil Niekro,R,73,180,0.169,7,Right
233,Phil Roof,R,74,190,0.215,43,Right
673,R.J. Reynolds,B,72,190,0.267,35,Both
275,Rafael Landestoy,B,70,165,0.237,4,Both
524,Rafael Santana,R,73,165,0.246,13,Right
321,Rafael Vasquez,R,72,160,0.0,0,Right
224,Ralph Botting,L,72,195,0.0,0,Left
934,Ralph Garr,L,71,185,0.306,75,Left
137,Ramon Manon,R,72,150,0.0,0,Right
723,Ramon Pena,R,70,155,0.0,0,Right
633,Randy Hundley,R,71,170,0.236,82,Right
466,Randy Jones,R,72,178,0.132,0,Right
296,Randy Nosek,R,76,215,0.0,0,Right
126,Randy Scarbery,B,73,185,0.0,0,Both
509,Randy Wiles,L,73,185,0.0,0,Left
947,Ray Burris,R,77,200,0.151,1,Right
74,Ray Chadwick,B,74,180,0.0,0,Both
977,Ray Culp,R,72,200,0.123,1,Right
676,Ray Fosse,R,74,215,0.256,61,Right
689,Ray Knight,R,73,185,0.271,84,Right
110,Ray Oyler,R,71,165,0.175,15,Right
741,Ray Sadecki,L,71,180,0.191,5,Left
448,Ray Webster,L,72,185,0.244,17,Left
656,Reggie Jackson,L,72,195,0.262,563,Left
420,Reggie Ritter,L,74,195,0.0,0,Left
959,Reggie Smith,B,72,180,0.287,314,Both
941,Reid Nichols,R,71,165,0.266,22,Right
551,Rennie Stennett,R,71,160,0.274,41,Right
997,Rey Quinones,R,71,160,0.243,29,Right
781,Rich Barnes,R,76,186,0.0,0,Right
343,Rich Chiles,L,71,170,0.254,6,Left
660,Rich Coggins,L,68,170,0.265,12,Left
1084,Rich Dauer,R,72,180,0.257,43,Right
554,Rich McKinney,R,71,185,0.225,20,Right
157,Rich Morales,R,71,170,0.195,6,Right
516,Rich Reese,L,75,185,0.253,52,Left
76,Rich Rollins,R,70,185,0.269,77,Right
911,Rich Wortham,R,72,185,0.0,0,Right
803,Rich Yett,R,74,187,0.0,0,Right
608,Richie Hebner,L,73,195,0.276,203,Left
486,Richie Scheinblum,B,73,180,0.263,13,Both
381,Richie Zisk,R,73,200,0.287,207,Right
808,Rick Anderson,R,74,210,0.0,0,Right
822,Rick Auerbach,R,72,165,0.22,9,Right
237,Rick Bosetti,R,71,185,0.25,17,Right
796,Rick Burleson,R,70,165,0.273,50,Right
315,Rick Henninger,R,78,225,0.0,0,Right
794,Rick Jones,L,77,190,0.0,0,Left
1102,Rick Joseph,R,73,192,0.243,13,Right
498,Rick Kreuger,R,74,185,0.0,0,Right
1087,Rick Leach,L,73,180,0.268,18,Left
930,Rick Lysander,R,74,190,0.0,0,Right
284,Rick Manning,L,73,180,0.257,56,Left
1139,Rick Miller,L,72,175,0.269,28,Left
304,Rick Monday,L,75,193,0.264,241,Left
779,Rick Peters,B,69,170,0.277,2,Both
942,Rick Reichardt,R,75,210,0.261,116,Right
816,Rick Renick,R,72,188,0.221,20,Right
186,Rick Rhoden,R,75,195,0.238,9,Right
838,Rick Sofield,L,73,195,0.243,9,Left
1013,Rick Steirer,R,76,200,0.0,0,Right
302,Rick Sweet,B,73,200,0.234,6,Both
15,Rick Wise,R,73,180,0.195,15,Right
754,Rickey Keeton,R,74,190,0.0,0,Right
857,Rico Carty,R,75,200,0.299,204,Right
121,Rico Petrocelli,R,72,175,0.251,210,Right
1003,Rob Andrews,R,72,185,0.251,3,Right
507,Rob Picciolo,R,74,185,0.234,17,Right
504,Rob Wilfong,L,73,180,0.248,39,Left
458,Rob Woodward,R,75,185,0.0,0,Right
510,Roberto Pena,R,68,170,0.245,13,Right
281,Rod Carew,L,72,170,0.328,92,Left
1042,Rod Gilbreath,R,74,180,0.248,14,Right
8,Rod Kanehl,R,73,180,0.241,6,Right
659,Rodney Scott,B,72,160,0.236,3,Both
279,Roger Freed,R,72,190,0.245,22,Right
446,Roger Metzger,B,72,165,0.231,5,Both
840,Roger Miller,R,75,200,0.0,0,Right
594,Roger Repoz,L,75,190,0.224,82,Left
901,Roger Slagle,R,75,190,0.0,0,Right
502,Roger Weaver,R,75,190,0.0,0,Right
983,Ron Blomberg,L,73,195,0.293,52,Left
1065,Ron Brand,R,67,167,0.239,3,Right
1069,Ron Cey,R,70,185,0.261,316,Right
887,Ron Clark,R,70,175,0.189,5,Right
1094,Ron Davis,R,72,175,0.233,10,Right
1118,Ron Gardenhire,R,72,175,0.232,4,Right
342,Ron Hodges,L,73,185,0.24,19,Left
307,Ron Hunt,R,72,186,0.273,39,Right
445,Ron Jackson,R,72,200,0.259,56,Right
1072,Ron LeFlore,R,72,200,0.288,59,Right
377,Ron Musselman,R,74,185,0.0,0,Right
669,Ron Oester,B,74,185,0.265,42,Both
238,Ron Pruitt,R,72,185,0.269,12,Right
960,Ron Reed,R,78,215,0.158,0,Right
735,Ron Roenicke,B,72,180,0.238,17,Both
145,Ron Romanick,R,76,195,0.0,0,Right
166,Ron Santo,R,72,190,0.277,342,Right
780,Ron Stone,L,74,185,0.241,6,Left
1007,Ron Swoboda,R,74,195,0.242,73,Right
522,Ron Theobald,R,68,165,0.248,2,Right
844,Ron Washington,R,71,155,0.261,20,Right
631,Ron Woods,R,70,168,0.233,26,Right
1086,Rowland Office,L,72,170,0.259,32,Left
439,Roy Branch,R,72,175,0.0,0,Right
1029,Roy Foster,R,72,185,0.253,45,Right
865,Roy Howell,L,73,190,0.261,80,Left
378,Roy Smalley,B,73,185,0.257,163,Both
964,Roy White,B,70,160,0.271,160,Both
616,Rudy Law,L,73,165,0.271,18,Left
918,Rudy Meoli,L,69,165,0.212,2,Left
447,Rufino Linares,R,72,170,0.27,11,Right
919,Ruppert Jones,L,70,170,0.25,147,Left
921,Russ Gibson,R,73,195,0.228,8,Right
348,Rusty Staub,L,74,190,0.279,292,Left
91,Rusty Torres,B,70,175,0.212,35,Both
267,Sal Bando,R,72,195,0.254,242,Right
148,Sal Butera,R,72,190,0.227,8,Right
767,Sam Bowens,R,73,188,0.223,45,Right
1145,Sam Hinds,R,78,215,0.0,0,Right
815,Sam McDowell,L,77,190,0.154,2,Left
611,Sandy Alomar,B,69,140,0.245,13,Both
827,Sandy Valdespino,L,68,170,0.23,7,Left
867,Sandy Wihtol,R,73,195,0.0,0,Right
58,Scot Thompson,L,75,195,0.262,5,Left
1053,Shawn Holman,R,74,185,0.0,0,Right
364,Sherman Corbett,L,76,205,0.0,0,Left
1014,Sixto Lezcano,R,70,165,0.271,148,Right
1070,Skip Jutze,R,71,190,0.215,3,Right
657,Sonny Jackson,L,69,150,0.251,7,Left
868,Sonny Siebert,R,75,190,0.173,12,Right
503,Stan Papi,R,72,170,0.218,7,Right
898,Stan Thomas,R,74,185,0.0,0,Right
1124,Stefan Wever,R,80,245,0.0,0,Right
326,Steve Adkins,R,78,210,0.0,0,Right
907,Steve Barber,L,72,195,0.115,5,Left
630,Steve Barr,L,76,200,0.0,0,Left
737,Steve Blass,R,72,165,0.172,1,Right
688,Steve Braun,L,70,180,0.271,52,Left
929,Steve Brown,R,77,200,0.0,0,Right
444,Steve Brye,R,72,190,0.258,30,Right
286,Steve Burke,B,74,200,0.0,0,Both
973,Steve Carlton,L,76,210,0.201,13,Left
560,Steve Cummings,B,74,200,0.0,0,Both
71,Steve Curry,R,78,217,0.0,0,Right
649,Steve Davis,L,73,195,0.0,0,Left
530,Steve Dillard,R,73,180,0.243,13,Right
44,Steve Eddy,R,74,185,0.0,0,Right
1068,Steve Ellsworth,R,80,220,0.0,0,Right
575,Steve Garvey,R,70,192,0.294,272,Right
506,Steve Henderson,R,74,190,0.28,68,Right
804,Steve Hovley,L,70,188,0.258,8,Left
478,Steve Huntz,B,73,204,0.206,16,Both
113,Steve Jeltz,B,71,180,0.21,5,Both
795,Steve Kemp,L,72,195,0.278,130,Left
84,Steve Lombardozzi,R,72,175,0.233,20,Right
1081,Steve Nicosia,R,70,185,0.248,11,Right
1022,Steve Ontiveros,B,72,185,0.274,24,Both
837,Steve Renko,R,77,230,0.215,6,Right
226,Steve Rogers,R,74,175,0.138,0,Right
828,Steve Senteney,R,74,205,0.0,0,Right
127,Steve Swisher,R,74,205,0.216,20,Right
213,Steve Whitaker,L,72,180,0.23,24,Left
413,Steve Yeager,R,72,190,0.228,102,Right
66,Syd O'Brien,R,73,185,0.23,24,Right
249,T.R. Bryden,R,76,190,0.0,0,Right
452,Ted Cox,R,75,195,0.245,10,Right
53,Ted Ford,R,70,180,0.219,17,Right
336,Ted Kubiak,B,72,175,0.231,13,Both
462,Ted Martinez,R,72,165,0.24,7,Right
1082,Ted Savage,R,73,185,0.233,34,Right
786,Ted Simmons,B,71,193,0.285,248,Both
399,Ted Sizemore,R,70,165,0.262,23,Right
785,Ted Uhlaender,L,74,190,0.263,36,Left
228,Terry Crowley,L,72,180,0.25,42,Left
763,Terry Felton,R,73,180,0.0,0,Right
923,Terry Francona,L,73,190,0.274,16,Left
801,Terry Harmon,R,74,180,0.233,4,Right
647,Terry Harper,R,76,195,0.253,36,Right
331,Terry Humphrey,R,75,185,0.211,6,Right
290,Terry Taylor,R,73,180,0.0,0,Right
291,Terry Whitfield,L,73,197,0.281,33,Left
1063,Terry Wilshusen,R,74,210,0.0,0,Right
691,Thad Bosley,L,75,175,0.272,20,Left
303,Thurman Munson,R,71,190,0.292,113,Right
985,Tim Blackwell,B,71,170,0.228,6,Both
542,Tim Corcoran,L,71,175,0.27,12,Left
235,Tim Cullen,R,73,185,0.22,9,Right
139,Tim Flannery,L,71,175,0.255,9,Left
493,Tim Foli,R,72,179,0.251,25,Right
236,Tim Harkness,L,74,182,0.235,14,Left
539,Tim Johnson,L,73,170,0.223,0,Left
495,Tim Laudner,R,75,212,0.225,77,Right
1064,Tito Fuentes,B,71,175,0.268,45,Both
730,Tito Landrum,R,71,175,0.249,13,Right
283,Toby Harrah,R,72,175,0.264,195,Right
851,Todd Cruz,R,72,175,0.22,34,Right
1156,Todd Fischer,R,70,170,0.0,0,Right
103,Tom Brookens,R,70,165,0.246,71,Right
0,Tom Brown,R,73,170,0.0,0,Right
896,Tom Buskey,R,75,200,0.0,0,Right
1005,Tom Dozier,R,74,190,0.0,0,Right
852,Tom Egan,R,76,218,0.2,22,Right
338,Tom Gilles,R,73,185,0.0,0,Right
951,Tom Grieve,R,74,190,0.249,65,Right
1004,Tom Haller,L,76,195,0.257,134,Left
341,Tom Hutton,L,71,180,0.248,22,Left
710,Tom Klawitter,R,74,190,0.0,0,Right
1024,Tom Lawless,R,71,170,0.207,2,Right
252,Tom Makowski,R,71,185,0.0,0,Right
1057,Tom Matchick,L,73,173,0.215,4,Left
1021,Tom McCarthy,R,72,180,0.0,0,Right
407,Tom Nieto,R,73,193,0.205,5,Right
1153,Tom O'Malley,L,72,180,0.256,13,Left
344,Tom Paciorek,R,76,215,0.282,86,Right
1136,Tom Poquette,L,70,175,0.268,10,Left
68,Tom Satriano,L,73,185,0.225,21,Left
652,Tom Seaver,R,73,195,0.154,12,Right
733,Tom Tresh,B,73,180,0.245,153,Both
564,Tom Veryzer,R,73,175,0.241,14,Right
529,Tommie Aaron,R,75,190,0.229,13,Right
782,Tommie Agee,R,71,195,0.255,130,Right
31,Tommie Reynolds,R,74,190,0.226,12,Right
94,Tommy Dean,R,72,165,0.18,4,Right
854,Tommy Harper,R,69,165,0.257,146,Right
875,Tommy Helms,R,70,165,0.269,34,Right
935,Tommy John,R,75,180,0.157,5,Right
19,Tommy McCraw,L,72,183,0.246,75,Left
876,Tony Armas,R,71,182,0.252,251,Right
526,Tony Arnold,R,71,170,0.0,0,Right
379,Tony Chevez,R,71,177,0.0,0,Right
579,Tony Cloninger,R,72,210,0.192,11,Right
1146,Tony Conigliaro,R,75,185,0.264,166,Right
89,Tony Ferreira,L,73,160,0.0,0,Left
194,Tony Gonzalez,L,69,170,0.286,103,Left
632,Tony Horton,R,75,210,0.268,76,Right
330,Tony Mack,R,70,177,0.0,0,Right
50,Tony Muser,L,74,180,0.259,7,Left
154,Tony Oliva,L,73,175,0.304,220,Left
203,Tony Perez,R,74,175,0.279,379,Right
109,Tony Scott,B,72,164,0.249,17,Both
312,Tony Solaita,L,72,210,0.255,50,Left
587,Tucker Ashford,R,73,195,0.218,6,Right
690,Ty Cline,L,72,170,0.238,6,Left
313,U L Washington,B,71,175,0.251,27,Both
218,Vance Lovelace,L,77,205,0.0,0,Left
220,Vern Fuller,R,73,170,0.232,14,Right
310,Vic Correll,R,70,185,0.229,29,Right
471,Vic Davalillo,L,67,150,0.279,36,Left
1048,Vic Harris,B,71,165,0.217,13,Both
500,Vida Blue,B,72,189,0.104,4,Both
150,Von Joshua,L,70,170,0.273,30,Left
715,Wallace Johnson,B,72,173,0.255,5,Both
77,Walt Bond,L,79,228,0.256,41,Left
82,Walt Williams,R,66,165,0.27,33,Right
118,Wayne Comer,R,70,175,0.229,16,Right
49,Wayne Garrett,L,71,175,0.239,61,Left
222,Wayne Gross,L,74,210,0.233,121,Left
725,Wayne Krenchicki,L,73,180,0.266,15,Left
743,Wayne Nordhagen,R,74,205,0.282,39,Right
1097,Wayne Tolleson,B,69,160,0.241,9,Both
938,Wes Parker,B,73,180,0.267,64,Both
1041,Wilbur Howard,B,74,170,0.25,6,Both
846,Willie Aikens,L,75,220,0.271,110,Left
132,Willie Crawford,L,73,197,0.268,86,Left
1023,Willie Davis,L,74,180,0.279,182,Left
877,Willie Horton,R,71,209,0.273,325,Right
996,Willie Montanez,L,72,170,0.275,139,Left
848,Willie Mueller,R,76,220,0.0,0,Right
134,Willie Norwood,R,72,185,0.242,18,Right
248,Willie Smith,L,72,182,0.248,46,Left
972,Willie Stargell,L,74,188,0.282,475,Left
605,Willie Upshaw,L,72,185,0.262,123,Left
531,Win Remmerswaal,R,74,160,0.0,0,Right
932,Winston Llenas,R,70,165,0.23,3,Right
361,Woodie Fryman,R,75,197,0.138,2,Right
461,Woody Woodward,R,74,180,0.236,1,Right
143,Zach Crouch,L,75,180,0.0,0,Left
